﻿regions,link_url,link_title
Auvergne-Rhône-Alpes,https://demos.philharmoniedeparis.fr/ara/demos-auvergne-rhone-alpes.aspx,Lorem ipsum dolor sic amet
Bourgogne-Franche-Comté,https://demos.philharmoniedeparis.fr/bfc/demos-bourgogne-franche-comte.aspx,Lorem ipsum dolor sic amet
Bretagne,https://demos.philharmoniedeparis.fr/bre/demos-bretagne.aspx,Lorem ipsum dolor sic amet
Centre-Val de Loire,https://demos.philharmoniedeparis.fr/cvdl/demos-centre-val-de-loire.aspx,Lorem ipsum dolor sic amet
Corse,,Lorem ipsum dolor sic amet
Grand Est,https://demos.philharmoniedeparis.fr/gre/demos-grand-est.aspx,Lorem ipsum dolor sic amet
Hauts-de-France,https://demos.philharmoniedeparis.fr/hdf/demos-hauts-de-france.aspx,Lorem ipsum dolor sic amet
Île-de-France,https://demos.philharmoniedeparis.fr/idf/demos-ile-de-france.aspx,Lorem ipsum dolor sic amet
Normandie,https://demos.philharmoniedeparis.fr/nor/demos-normandie.aspx,Lorem ipsum dolor sic amet
Nouvelle-Aquitaine,https://demos.philharmoniedeparis.fr/naq/demos-nouvelle-aquitaine.aspx,Lorem ipsum dolor sic amet
Occitanie,https://demos.philharmoniedeparis.fr/occ/demos-occitanie.aspx,Lorem ipsum dolor sic amet
Outre Mer,https://demos.philharmoniedeparis.fr/out/demos-outre-mer.aspx,Lorem ipsum dolor sic amet
Pays de la Loire,https://demos.philharmoniedeparis.fr/pdl/demos-pays-de-la-loire.aspx,Lorem ipsum dolor sic amet
Provence-Alpes-Côte d'Azur,https://demos.philharmoniedeparis.fr/paca/demos-provence-alpes-cote-dazur.aspx,Lorem ipsum dolor sic amet
